Chain,Blocknumber,RemoteHop,PeerId
ethereum,28469281,0x00000000000000000000000099b5587ab54a49e3f827d10175caf69c0187bfa8,30101
sonic,28469281,0x000000000000000000000000f6115bb9b6a4b3660da409cb7aff1fb773efad0b,30332
base,28469281,0x00000000000000000000000073382eb28f35d80df8c3fe04a3eed71b1afce5de,30184
xlayer,28469281,0x00000000000000000000000045c6852a5188ce1905567ea83454329bd4982007,30274
arbitrum,28469281,0x000000000000000000000000a46a266dcbf199a71532c76967e200994c5a0d6d,30110
ink,28469281,0x000000000000000000000000452420df4ac1e3db5429b5fd629f3047482c543c,30339
zkevm,28469281,0x000000000000000000000000c71bf5ee4740405030ef521f18a96ea14fec802d,30158
sei,28469281,0x0000000000000000000000000255a172d0a060f2beab3e7c12334dd73ccc26ba,30280
blast,28469281,0x00000000000000000000000085b1714b25f40fd5025423124c076476073180b3,30243
mode,28469281,0x0000000000000000000000007360575f6f8f91b38dd078241b0df508f5fbfdf9,30260
linea,28469281,0x000000000000000000000000a71f2204eddb8d84f411a0c712687fae5002e7fb,30183
polygon,28469281,0x0000000000000000000000005658e82e330e094627d9b362ed0e137ea06673c4,30109
scroll,28469281,0x00000000000000000000000091ddb0e0c36b901c6bf53b9eb5aca0eb1465f558,30214
unichain,28469281,0x000000000000000000000000983af86c94fe3963989c22ceeeb6ea8eac32d263,30320
berachain,28469281,0x000000000000000000000000983af86c94fe3963989c22ceeeb6ea8eac32d263,30362
avalanche,28469281,0x000000000000000000000000452420df4ac1e3db5429b5fd629f3047482c543c,30106
stable,28469281,0x0000000000000000000000000000000000000000000000000000000000000000,30396
hyperliquid,28469281,0x000000000000000000000000b85a8fda7f5e52e32fa5582847cfffee9456a5dc,30367
worldchain,28469281,0x000000000000000000000000111ddab65af5ff96b674400246699ed40f550de1,30319
plasma,28469281,0x0000000000000000000000000000000000000000000000000000000000000000,30383
zksync,28469281,0x000000000000000000000000a05e9f9b97c963b5651ed6a50fae46625a8c400b,30165
movement,28469281,0x0000000000000000000000000000000000000000000000000000000000000000,30325
plumephoenix,28469281,0x000000000000000000000000a71f2204eddb8d84f411a0c712687fae5002e7fb,30370
bnb,28469281,0x000000000000000000000000dee45510b42cb0678c8a61d043c698af66b0d852,30102
aurora,28469281,0x0000000000000000000000008ebb34b1880b2ea5e458082590b3a2c9ea7c41a2,30211
katana,28469281,0x000000000000000000000000f6f45ccb5e85d1400067ee66f9e168f83e86124e,30375
aptos,28469281,0x0000000000000000000000000000000000000000000000000000000000000000,30108
optimism,28469281,0x0000000000000000000000007a07d606c87b7251c2953a30fa445d8c5f856c7a,30111
abstract,28469281,0x000000000000000000000000a05e9f9b97c963b5651ed6a50fae46625a8c400b,30324
solana,28469281,0x0000000000000000000000000000000000000000000000000000000000000000,30168