srcChain,dstChain,receive.confirmations (default),receive.confirmations (app),receive.requiredDVNCount (default),receive.requiredDVNCount (app),receive.optionalDVNCount (default),receive.optionalDVNCount (app),receive.optionalDVNThreshold (default),receive.optionalDVNThreshold (app),receive.requiredDVNs (default),receive.requiredDVNs (app),receive.optionalDVNs (default),receive.optionalDVNs (app),,send.confirmations (default),send.confirmations (app),send.requiredDVNCount (default),send.requiredDVNCount (app),send.optionalDVNCount (default),send.optionalDVNCount (app),send.optionalDVNThreshold (default),send.optionalDVNThreshold (app),send.requiredDVNs (default),send.requiredDVNs (app),send.optionalDVNs (default),send.optionalDVNs (app)
ethereum,fraxtal,5,0,1,3,0,0,0,0,0x000000000000000000000000000000000000dEaD,0x380275805876Ff19055EA900CDb2B46a94ecF20D;0x38654142F5E672Ae86a1b21523AAfC765E6A1e08;0x589dEDbD617e0CBcB916A9223F4d1300c294236b,-,-,,15,0,1,3,0,0,0,0,0x000000000000000000000000000000000000dEaD,0x380275805876Ff19055EA900CDb2B46a94ecF20D;0x38654142F5E672Ae86a1b21523AAfC765E6A1e08;0x589dEDbD617e0CBcB916A9223F4d1300c294236b,-,-
ethereum,blast,5,0,1,2,0,0,0,0,0x000000000000000000000000000000000000dEaD,0x380275805876Ff19055EA900CDb2B46a94ecF20D;0x589dEDbD617e0CBcB916A9223F4d1300c294236b,-,-,,15,0,1,2,0,0,0,0,0x000000000000000000000000000000000000dEaD,0x380275805876Ff19055EA900CDb2B46a94ecF20D;0x589dEDbD617e0CBcB916A9223F4d1300c294236b,-,-
fraxtal,ethereum,15,0,1,3,0,0,0,0,0x000000000000000000000000000000000000dEaD,0x26cD5aBaDf7eC3f0F02b48314bfcA6b2342cddD4;0xcCE466a522984415bC91338c232d98869193D46e;0xDd7B5E1dB4AaFd5C8EC3b764eFB8ed265Aa5445B,-,-,,5,0,1,3,0,0,0,0,0x000000000000000000000000000000000000dEaD,0x26cD5aBaDf7eC3f0F02b48314bfcA6b2342cddD4;0xcCE466a522984415bC91338c232d98869193D46e;0xDd7B5E1dB4AaFd5C8EC3b764eFB8ed265Aa5445B,-,-
fraxtal,base,10,0,1,3,0,0,0,0,0x000000000000000000000000000000000000dEaD,0x26cD5aBaDf7eC3f0F02b48314bfcA6b2342cddD4;0xcCE466a522984415bC91338c232d98869193D46e;0xDd7B5E1dB4AaFd5C8EC3b764eFB8ed265Aa5445B,-,-,,5,0,1,3,0,0,0,0,0x000000000000000000000000000000000000dEaD,0x26cD5aBaDf7eC3f0F02b48314bfcA6b2342cddD4;0xcCE466a522984415bC91338c232d98869193D46e;0xDd7B5E1dB4AaFd5C8EC3b764eFB8ed265Aa5445B,-,-
fraxtal,blast,5,0,1,3,0,0,0,0,0x000000000000000000000000000000000000dEaD,0x26cD5aBaDf7eC3f0F02b48314bfcA6b2342cddD4;0xcCE466a522984415bC91338c232d98869193D46e;0xDd7B5E1dB4AaFd5C8EC3b764eFB8ed265Aa5445B,-,-,,5,0,1,3,0,0,0,0,0x000000000000000000000000000000000000dEaD,0x26cD5aBaDf7eC3f0F02b48314bfcA6b2342cddD4;0xcCE466a522984415bC91338c232d98869193D46e;0xDd7B5E1dB4AaFd5C8EC3b764eFB8ed265Aa5445B,-,-
fraxtal,mode,5,0,1,3,0,0,0,0,0x000000000000000000000000000000000000dEaD,0x26cD5aBaDf7eC3f0F02b48314bfcA6b2342cddD4;0xcCE466a522984415bC91338c232d98869193D46e;0xDd7B5E1dB4AaFd5C8EC3b764eFB8ed265Aa5445B,-,-,,5,0,1,3,0,0,0,0,0x000000000000000000000000000000000000dEaD,0x26cD5aBaDf7eC3f0F02b48314bfcA6b2342cddD4;0xcCE466a522984415bC91338c232d98869193D46e;0xDd7B5E1dB4AaFd5C8EC3b764eFB8ed265Aa5445B,-,-
fraxtal,sei,5,-,1,-,0,-,0,-,0x000000000000000000000000000000000000dEaD,-,-,-,,5,0,1,3,0,0,0,0,0x000000000000000000000000000000000000dEaD,0x26cD5aBaDf7eC3f0F02b48314bfcA6b2342cddD4;0xcCE466a522984415bC91338c232d98869193D46e;0xDd7B5E1dB4AaFd5C8EC3b764eFB8ed265Aa5445B,-,-
fraxtal,xlayer,225000,0,1,3,0,0,0,0,0x000000000000000000000000000000000000dEaD,0x26cD5aBaDf7eC3f0F02b48314bfcA6b2342cddD4;0xcCE466a522984415bC91338c232d98869193D46e;0xDd7B5E1dB4AaFd5C8EC3b764eFB8ed265Aa5445B,-,-,,5,0,1,3,0,0,0,0,0x000000000000000000000000000000000000dEaD,0x26cD5aBaDf7eC3f0F02b48314bfcA6b2342cddD4;0xcCE466a522984415bC91338c232d98869193D46e;0xDd7B5E1dB4AaFd5C8EC3b764eFB8ed265Aa5445B,-,-
fraxtal,sonic,-,-,-,-,-,-,-,-,-,-,-,-,,5,0,1,3,0,0,0,0,0x6A6991E0bF27E3CcCDe6B73dE94b7DA6e240FF6E,0x26cD5aBaDf7eC3f0F02b48314bfcA6b2342cddD4;0xcCE466a522984415bC91338c232d98869193D46e;0xDd7B5E1dB4AaFd5C8EC3b764eFB8ed265Aa5445B,-,-
fraxtal,ink,20,0,1,3,0,0,0,0,0x6A6991E0bF27E3CcCDe6B73dE94b7DA6e240FF6E,0x26cD5aBaDf7eC3f0F02b48314bfcA6b2342cddD4;0xcCE466a522984415bC91338c232d98869193D46e;0xDd7B5E1dB4AaFd5C8EC3b764eFB8ed265Aa5445B,-,-,,5,0,1,3,0,0,0,0,0x6A6991E0bF27E3CcCDe6B73dE94b7DA6e240FF6E,0x26cD5aBaDf7eC3f0F02b48314bfcA6b2342cddD4;0xcCE466a522984415bC91338c232d98869193D46e;0xDd7B5E1dB4AaFd5C8EC3b764eFB8ed265Aa5445B,-,-
fraxtal,arbitrum,-,-,-,-,-,-,-,-,-,-,-,-,,-,-,-,-,-,-,-,-,-,-,-,-
fraxtal,optimism,20,0,1,3,0,0,0,0,0x000000000000000000000000000000000000dEaD,0x26cD5aBaDf7eC3f0F02b48314bfcA6b2342cddD4;0xcCE466a522984415bC91338c232d98869193D46e;0xDd7B5E1dB4AaFd5C8EC3b764eFB8ed265Aa5445B,-,-,,5,0,1,3,0,0,0,0,0x000000000000000000000000000000000000dEaD,0x26cD5aBaDf7eC3f0F02b48314bfcA6b2342cddD4;0xcCE466a522984415bC91338c232d98869193D46e;0xDd7B5E1dB4AaFd5C8EC3b764eFB8ed265Aa5445B,-,-
fraxtal,polygon,-,-,-,-,-,-,-,-,-,-,-,-,,-,-,-,-,-,-,-,-,-,-,-,-
fraxtal,avalanche,-,-,-,-,-,-,-,-,-,-,-,-,,5,0,1,3,0,0,0,0,0x000000000000000000000000000000000000dEaD,0x26cD5aBaDf7eC3f0F02b48314bfcA6b2342cddD4;0xcCE466a522984415bC91338c232d98869193D46e;0xDd7B5E1dB4AaFd5C8EC3b764eFB8ed265Aa5445B,-,-
fraxtal,bnb,20,0,1,3,0,0,0,0,0x000000000000000000000000000000000000dEaD,0x26cD5aBaDf7eC3f0F02b48314bfcA6b2342cddD4;0xcCE466a522984415bC91338c232d98869193D46e;0xDd7B5E1dB4AaFd5C8EC3b764eFB8ed265Aa5445B,-,-,,5,0,1,3,0,0,0,0,0x000000000000000000000000000000000000dEaD,0x26cD5aBaDf7eC3f0F02b48314bfcA6b2342cddD4;0xcCE466a522984415bC91338c232d98869193D46e;0xDd7B5E1dB4AaFd5C8EC3b764eFB8ed265Aa5445B,-,-
fraxtal,zkevm,-,-,-,-,-,-,-,-,-,-,-,-,,-,-,-,-,-,-,-,-,-,-,-,-
fraxtal,zksync,-,-,-,-,-,-,-,-,-,-,-,-,,-,-,-,-,-,-,-,-,-,-,-,-
fraxtal,abstract,-,-,-,-,-,-,-,-,-,-,-,-,,-,-,-,-,-,-,-,-,-,-,-,-
fraxtal,berachain,-,-,-,-,-,-,-,-,-,-,-,-,,-,-,-,-,-,-,-,-,-,-,-,-
fraxtal,linea,-,-,-,-,-,-,-,-,-,-,-,-,,-,-,-,-,-,-,-,-,-,-,-,-
fraxtal,aurora,-,-,-,-,-,-,-,-,-,-,-,-,,-,-,-,-,-,-,-,-,-,-,-,-
fraxtal,hyperliquid,-,-,-,-,-,-,-,-,-,-,-,-,,-,-,-,-,-,-,-,-,-,-,-,-
fraxtal,katana,20,0,1,3,0,0,0,0,0x6A6991E0bF27E3CcCDe6B73dE94b7DA6e240FF6E,0x26cD5aBaDf7eC3f0F02b48314bfcA6b2342cddD4;0xa7b5189bcA84Cd304D8553977c7C614329750d99;0xcCE466a522984415bC91338c232d98869193D46e,-,-,,5,0,1,3,0,0,0,0,0x6A6991E0bF27E3CcCDe6B73dE94b7DA6e240FF6E,0x26cD5aBaDf7eC3f0F02b48314bfcA6b2342cddD4;0xa7b5189bcA84Cd304D8553977c7C614329750d99;0xcCE466a522984415bC91338c232d98869193D46e,-,-
fraxtal,plumephoenix,-,-,-,-,-,-,-,-,-,-,-,-,,5,0,1,3,0,0,0,0,0x6A6991E0bF27E3CcCDe6B73dE94b7DA6e240FF6E,0x26cD5aBaDf7eC3f0F02b48314bfcA6b2342cddD4;0xcCE466a522984415bC91338c232d98869193D46e;0xDd7B5E1dB4AaFd5C8EC3b764eFB8ed265Aa5445B,-,-
fraxtal,scroll,-,-,-,-,-,-,-,-,-,-,-,-,,-,-,-,-,-,-,-,-,-,-,-,-
fraxtal,unichain,-,-,-,-,-,-,-,-,-,-,-,-,,-,-,-,-,-,-,-,-,-,-,-,-
fraxtal,worldchain,-,0,-,3,-,0,-,0,-,0x26cD5aBaDf7eC3f0F02b48314bfcA6b2342cddD4;0xcCE466a522984415bC91338c232d98869193D46e;0xDd7B5E1dB4AaFd5C8EC3b764eFB8ed265Aa5445B,-,-,,-,-,-,-,-,-,-,-,-,-,-,-
fraxtal,plasma,-,-,-,-,-,-,-,-,-,-,-,-,,-,-,-,-,-,-,-,-,-,-,-,-
base,fraxtal,5,0,1,3,0,0,0,0,0x000000000000000000000000000000000000dEaD,0x187cF227F81c287303ee765eE001e151347FAaA2;0x9e059a54699a285714207b43B055483E78FAac25;0xa7b5189bcA84Cd304D8553977c7C614329750d99,-,-,,10,0,1,3,0,0,0,0,0x000000000000000000000000000000000000dEaD,0x187cF227F81c287303ee765eE001e151347FAaA2;0x9e059a54699a285714207b43B055483E78FAac25;0xa7b5189bcA84Cd304D8553977c7C614329750d99,-,-
blast,ethereum,15,0,1,2,0,0,0,0,0x000000000000000000000000000000000000dEaD,0x70BF42C69173d6e33b834f59630DAC592C70b369;0xc097ab8CD7b053326DFe9fB3E3a31a0CCe3B526f,-,-,,5,0,1,2,0,0,0,0,0x000000000000000000000000000000000000dEaD,0x70BF42C69173d6e33b834f59630DAC592C70b369;0xc097ab8CD7b053326DFe9fB3E3a31a0CCe3B526f,-,-
blast,fraxtal,5,0,1,2,0,0,0,0,0x000000000000000000000000000000000000dEaD,0x70BF42C69173d6e33b834f59630DAC592C70b369;0xc097ab8CD7b053326DFe9fB3E3a31a0CCe3B526f,-,-,,5,0,1,2,0,0,0,0,0x000000000000000000000000000000000000dEaD,0x70BF42C69173d6e33b834f59630DAC592C70b369;0xc097ab8CD7b053326DFe9fB3E3a31a0CCe3B526f,-,-
mode,fraxtal,5,0,1,3,0,0,0,0,0x000000000000000000000000000000000000dEaD,0x315b0e76A510607bB0F706B17716F426D5b385b8;0xaCDe1f22EEAb249d3ca6Ba8805C8fEe9f52a16e7;0xce8358bc28dd8296Ce8cAF1CD2b44787abd65887,-,-,,5,0,1,3,0,0,0,0,0x000000000000000000000000000000000000dEaD,0x315b0e76A510607bB0F706B17716F426D5b385b8;0xaCDe1f22EEAb249d3ca6Ba8805C8fEe9f52a16e7;0xce8358bc28dd8296Ce8cAF1CD2b44787abd65887,-,-
sei,fraxtal,-,-,-,-,-,-,-,-,-,-,-,-,,5,0,1,3,0,0,0,0,0x000000000000000000000000000000000000dEaD,0x6788f52439ACA6BFF597d3eeC2DC9a44B8FEE842;0x87048402c32632B7c4d0A892d82bC1160E8B2393;0xE016F0f39fb7DCf14E9412D92f2049668d4D2612,-,-
xlayer,fraxtal,5,0,1,3,0,0,0,0,0x000000000000000000000000000000000000dEaD,0x2Ae36A544b904F2f2960F6Fd1a6084b4b11ba334;0x9C061c9A4782294eeF65ef28Cb88233A987F4bdD;0xDd7B5E1dB4AaFd5C8EC3b764eFB8ed265Aa5445B,-,-,,225000,0,1,3,0,0,0,0,0x000000000000000000000000000000000000dEaD,0x2Ae36A544b904F2f2960F6Fd1a6084b4b11ba334;0x9C061c9A4782294eeF65ef28Cb88233A987F4bdD;0xDd7B5E1dB4AaFd5C8EC3b764eFB8ed265Aa5445B,-,-
sonic,fraxtal,-,-,-,-,-,-,-,-,-,-,-,-,,-,-,-,-,-,-,-,-,-,-,-,-
ink,fraxtal,-,-,-,-,-,-,-,-,-,-,-,-,,-,-,-,-,-,-,-,-,-,-,-,-
arbitrum,fraxtal,-,-,-,-,-,-,-,-,-,-,-,-,,-,-,-,-,-,-,-,-,-,-,-,-
optimism,fraxtal,-,-,-,-,-,-,-,-,-,-,-,-,,-,-,-,-,-,-,-,-,-,-,-,-
polygon,fraxtal,-,-,-,-,-,-,-,-,-,-,-,-,,-,-,-,-,-,-,-,-,-,-,-,-
avalanche,fraxtal,5,0,1,3,0,0,0,0,0x000000000000000000000000000000000000dEaD,0x07C05EaB7716AcB6f83ebF6268F8EECDA8892Ba1;0x962F502A63F5FBeB44DC9ab932122648E8352959;0xfe4c37cd401F58eE0bF4D214447bF306C2BBd41B,-,-,,12,0,1,3,0,0,0,0,0x000000000000000000000000000000000000dEaD,0x07C05EaB7716AcB6f83ebF6268F8EECDA8892Ba1;0x962F502A63F5FBeB44DC9ab932122648E8352959;0xfe4c37cd401F58eE0bF4D214447bF306C2BBd41B,-,-
bnb,fraxtal,5,0,1,3,0,0,0,0,0x000000000000000000000000000000000000dEaD,0x247624e2143504730aeC22912ed41F092498bEf2;0xd4Bf35cE3BfC7F7D7dfC0694a7d4aA8b8c60a38c;0xfD6865c841c2d64565562fCc7e05e619A30615f0,-,-,,20,0,1,3,0,0,0,0,0x000000000000000000000000000000000000dEaD,0x247624e2143504730aeC22912ed41F092498bEf2;0xd4Bf35cE3BfC7F7D7dfC0694a7d4aA8b8c60a38c;0xfD6865c841c2d64565562fCc7e05e619A30615f0,-,-
zkevm,fraxtal,-,-,-,-,-,-,-,-,-,-,-,-,,-,-,-,-,-,-,-,-,-,-,-,-
zksync,fraxtal,5,0,1,3,0,0,0,0,0x000000000000000000000000000000000000dEaD,0x1253E268Bc04bB43CB96D2F7Ee858b8A1433Cf6D;0x2Eb85384CAd49A67eBd8e2AfB0f72B3F586bAF03;0x620A9DF73D2F1015eA75aea1067227F9013f5C51,-,-,,20,0,1,3,0,0,0,0,0x000000000000000000000000000000000000dEaD,0x1253E268Bc04bB43CB96D2F7Ee858b8A1433Cf6D;0x2Eb85384CAd49A67eBd8e2AfB0f72B3F586bAF03;0x620A9DF73D2F1015eA75aea1067227F9013f5C51,-,-
abstract,fraxtal,5,0,1,3,0,0,0,0,0x06e56abD0cb3C88880644bA3C534A498cA18E5C8,0x264fE346Fcd0A89E3B41A6499BAC80dEa7e908D2;0xA8c83FEbAb692d6F08cfA303e5D53B3B34F9046d;0xF4DA94b4EE9D8e209e3bf9f469221CE2731A7112,-,-,,20,0,1,3,0,0,0,0,0x06e56abD0cb3C88880644bA3C534A498cA18E5C8,0x264fE346Fcd0A89E3B41A6499BAC80dEa7e908D2;0xA8c83FEbAb692d6F08cfA303e5D53B3B34F9046d;0xF4DA94b4EE9D8e209e3bf9f469221CE2731A7112,-,-
berachain,fraxtal,5,0,1,3,0,0,0,0,0x6788f52439ACA6BFF597d3eeC2DC9a44B8FEE842,0x282b3386571f7f794450d5789911a9804FA346b4;0x559A194dAe0508342e7CE1aD96e7E90A77F8BC4c;0xeCbaA45c33ce6Fa284995e5F8314f5bC7F1C2008,-,-,,20,0,1,3,0,0,0,0,0x6788f52439ACA6BFF597d3eeC2DC9a44B8FEE842,0x282b3386571f7f794450d5789911a9804FA346b4;0x559A194dAe0508342e7CE1aD96e7E90A77F8BC4c;0xeCbaA45c33ce6Fa284995e5F8314f5bC7F1C2008,-,-
linea,fraxtal,5,0,1,3,0,0,0,0,0x000000000000000000000000000000000000dEaD,0x129Ee430Cb2Ff2708CCADDBDb408a88Fe4FFd480;0x7fe673201724925B5c477d4E1A4Bd3E954688cF5;0xF4064220871e3B94Ca6aB3b0CEE8e29178bF47dE,-,-,,10,0,1,3,0,0,0,0,0x000000000000000000000000000000000000dEaD,0x129Ee430Cb2Ff2708CCADDBDb408a88Fe4FFd480;0x7fe673201724925B5c477d4E1A4Bd3E954688cF5;0xF4064220871e3B94Ca6aB3b0CEE8e29178bF47dE,-,-
aurora,fraxtal,5,0,1,3,0,0,0,0,0x000000000000000000000000000000000000dEaD,0x045d70bf1939aF0489cb44533750A2E15c92D7D4;0xD4a903930f2c9085586cda0b11D9681EECb20D2f;0xDd7B5E1dB4AaFd5C8EC3b764eFB8ed265Aa5445B,-,-,,5,0,1,3,0,0,0,0,0x000000000000000000000000000000000000dEaD,0x045d70bf1939aF0489cb44533750A2E15c92D7D4;0xD4a903930f2c9085586cda0b11D9681EECb20D2f;0xDd7B5E1dB4AaFd5C8EC3b764eFB8ed265Aa5445B,-,-
hyperliquid,fraxtal,5,0,1,3,0,0,0,0,0xcCE466a522984415bC91338c232d98869193D46e,0x082A08F524C043ec7F6b9a42BAE79A1990D8499a;0xBB83Ecf372CbB6daa629ea9A9A53BEC6d601F229;0xc097ab8CD7b053326DFe9fB3E3a31a0CCe3B526f,-,-,,1,0,1,3,0,0,0,0,0xcCE466a522984415bC91338c232d98869193D46e,0x082A08F524C043ec7F6b9a42BAE79A1990D8499a;0xBB83Ecf372CbB6daa629ea9A9A53BEC6d601F229;0xc097ab8CD7b053326DFe9fB3E3a31a0CCe3B526f,-,-
katana,fraxtal,-,-,-,-,-,-,-,-,-,-,-,-,,-,-,-,-,-,-,-,-,-,-,-,-
plumephoenix,fraxtal,5,0,1,3,0,0,0,0,0x4514FC667a944752ee8A29F544c1B20b1A315f25,0x1E4CE74ccf5498B19900649D9196e64BAb592451;0x4208D6E27538189bB48E603D6123A94b8Abe0A0b;0x5E0744f8FBF26446c683BcF4cD405ad56bA76F8A,-,-,,5,0,1,3,0,0,0,0,0x4514FC667a944752ee8A29F544c1B20b1A315f25,0x1E4CE74ccf5498B19900649D9196e64BAb592451;0x4208D6E27538189bB48E603D6123A94b8Abe0A0b;0x5E0744f8FBF26446c683BcF4cD405ad56bA76F8A,-,-
scroll,fraxtal,5,0,1,3,0,0,0,0,0xDB238D5196328b5623612C235062427F2F6792c0,0x7fe673201724925B5c477d4E1A4Bd3E954688cF5;0x93bB6f93Fa90a18e88A27bcfBcB048F7e14733c6;0xbe0d08a85EeBFCC6eDA0A843521f7CBB1180D2e2,-,-,,20,0,1,3,0,0,0,0,0xDB238D5196328b5623612C235062427F2F6792c0,0x7fe673201724925B5c477d4E1A4Bd3E954688cF5;0x93bB6f93Fa90a18e88A27bcfBcB048F7e14733c6;0xbe0d08a85EeBFCC6eDA0A843521f7CBB1180D2e2,-,-
unichain,fraxtal,5,0,1,3,0,0,0,0,0x6788f52439ACA6BFF597d3eeC2DC9a44B8FEE842,0x282b3386571f7f794450d5789911a9804FA346b4;0x97faa2a9c9bf8B4082B175A5B894Ce6bac6697a8;0xC6a6324932B399D6A673B7Ed0af671F28033E046,-,-,,20,0,1,3,0,0,0,0,0x6788f52439ACA6BFF597d3eeC2DC9a44B8FEE842,0x282b3386571f7f794450d5789911a9804FA346b4;0x97faa2a9c9bf8B4082B175A5B894Ce6bac6697a8;0xC6a6324932B399D6A673B7Ed0af671F28033E046,-,-
worldchain,fraxtal,5,0,1,3,0,0,0,0,0x9C061c9A4782294eeF65ef28Cb88233A987F4bdD,0x6788f52439ACA6BFF597d3eeC2DC9a44B8FEE842;0x95729Ea44326f8adD8A9b1d987279DBdC1DD3dFf;0xE16561B56BDf003B785347d237905BaE24f5F973,-,-,,20,0,1,3,0,0,0,0,0x9C061c9A4782294eeF65ef28Cb88233A987F4bdD,0x6788f52439ACA6BFF597d3eeC2DC9a44B8FEE842;0x95729Ea44326f8adD8A9b1d987279DBdC1DD3dFf;0xE16561B56BDf003B785347d237905BaE24f5F973,-,-
plasma,fraxtal,-,-,-,-,-,-,-,-,-,-,-,-,,-,-,-,-,-,-,-,-,-,-,-,-