Chain,Blocknumber,RemoteHop,FraxtalHop,NumOfDVNs,SolanaExecutorOptions(gas),SolanaExecutorOptions(value),Executor,Dvn,Treasury,Version,Owner,Threshold,Signers
base,38483964,0x3Ec3849C33291a9eF4c5dB86De593EB4A37fDe45,0x0000000000000000000000002a2019b30c157db6c1c01306b8025167dbe1803b,3,200000,3000000,0x2CCA08ae69E0C44b18a57Ab2A87644234dAebaE4,0x9e059a54699a285714207b43B055483E78FAac25,0xCcD558d6839e128320bBC932CBBa2c890a5518E8,,0xCBfd4Ef00a8cf91Fd1e1Fe97dC05910772c15E53,3,0x13Fe84D36d7a507Bb4bdAC6dCaF13a10961fc470;0x17e06ce6914E3969f7BD37D8b2a563890cA1c96e;0x8d8290d49e88D16d81C6aDf6C8774eD88762274A;0xcbc616D595D38483e6AdC45C7E426f44bF230928;0x381e2495e683868F693AA5B1414F712f21d34b40;0x6e74053a3798e0fC9a9775F7995316b27f21c4D2
blast,27473730,0xe93Cb38f97469eac2f284a87813D0d701b28E58e,0x0000000000000000000000002a2019b30c157db6c1c01306b8025167dbe1803b,2,200000,3000000,0x4208D6E27538189bB48E603D6123A94b8Abe0A0b,0xc097ab8CD7b053326DFe9fB3E3a31a0CCe3B526f,0x2367325334447C5E1E0f1b3a6fB947b262F58312,,0x33A133020b2C2CD41a24F74033B11EC2fC0bF97a,3,0x381e2495e683868F693AA5B1414F712f21d34b40;0x13Fe84D36d7a507Bb4bdAC6dCaF13a10961fc470;0x17e06ce6914E3969f7BD37D8b2a563890cA1c96e;0xcbc616D595D38483e6AdC45C7E426f44bF230928;0x6e74053a3798e0fC9a9775F7995316b27f21c4D2;0x8d8290d49e88D16d81C6aDf6C8774eD88762274A
polygon,79326122,0xf74D38A26948E9DDa53eD85cF03C6b1188FbB30C,0x0000000000000000000000002a2019b30c157db6c1c01306b8025167dbe1803b,3,200000,3000000,0xCd3F213AD101472e1713C72B1697E727C803885b,0x23DE2FE932d9043291f870324B74F820e11dc81A,0xECEE8B581960634aF89f467AE624Ff468a9Db14B,,0xDbf59edA454679bB157b3B048Ba54C4D762b559E,3,0x13Fe84D36d7a507Bb4bdAC6dCaF13a10961fc470;0xcbc616D595D38483e6AdC45C7E426f44bF230928;0x8d8290d49e88D16d81C6aDf6C8774eD88762274A;0x17e06ce6914E3969f7BD37D8b2a563890cA1c96e;0x381e2495e683868F693AA5B1414F712f21d34b40;0x6e74053a3798e0fC9a9775F7995316b27f21c4D2
unichain,33008917,0xc71BF5Ee4740405030eF521F18A96eA14fec802D,0x0000000000000000000000002a2019b30c157db6c1c01306b8025167dbe1803b,3,200000,3000000,0x4208D6E27538189bB48E603D6123A94b8Abe0A0b,0x282b3386571f7f794450d5789911a9804FA346b4,0x4514FC667a944752ee8A29F544c1B20b1A315f25,,0x6f8FDdfD4F6a1456BA5632C919bEF74b64DD032D,3,0x13Fe84D36d7a507Bb4bdAC6dCaF13a10961fc470;0xcbc616D595D38483e6AdC45C7E426f44bF230928;0x8d8290d49e88D16d81C6aDf6C8774eD88762274A;0x17e06ce6914E3969f7BD37D8b2a563890cA1c96e;0x381e2495e683868F693AA5B1414F712f21d34b40;0x6e74053a3798e0fC9a9775F7995316b27f21c4D2
sonic,56057644,0x3A5cDA3Ac66Aa80573402610c94B74eD6cdb2F23,0x0000000000000000000000002a2019b30c157db6c1c01306b8025167dbe1803b,3,200000,3000000,0x4208D6E27538189bB48E603D6123A94b8Abe0A0b,0x282b3386571f7f794450d5789911a9804FA346b4,0x4514FC667a944752ee8A29F544c1B20b1A315f25,,0x87c7A1ef67c67cd57CBF101522a0c3B19D2C3aAc,3,0x13Fe84D36d7a507Bb4bdAC6dCaF13a10961fc470;0xcbc616D595D38483e6AdC45C7E426f44bF230928;0x8d8290d49e88D16d81C6aDf6C8774eD88762274A;0x17e06ce6914E3969f7BD37D8b2a563890cA1c96e;0x381e2495e683868F693AA5B1414F712f21d34b40;0x6e74053a3798e0fC9a9775F7995316b27f21c4D2
hyperliquid,19828995,0x8EbB34b1880B2EA5e458082590B3A2c9Ea7C41A2,0x0000000000000000000000002a2019b30c157db6c1c01306b8025167dbe1803b,3,200000,3000000,0x41Bdb4aa4A63a5b2Efc531858d3118392B1A1C3d,0xc097ab8CD7b053326DFe9fB3E3a31a0CCe3B526f,0xe1844c5D63a9543023008D332Bd3d2e6f1FE1043,,0x738ee62157f127C879Ff5c4B7102Eb0d166C7a6d,3,0x8d8290d49e88D16d81C6aDf6C8774eD88762274A;0xcbc616D595D38483e6AdC45C7E426f44bF230928;0x13Fe84D36d7a507Bb4bdAC6dCaF13a10961fc470;0x17e06ce6914E3969f7BD37D8b2a563890cA1c96e;0x381e2495e683868F693AA5B1414F712f21d34b40;0x6e74053a3798e0fC9a9775F7995316b27f21c4D2
ink,30258865,0x7a07D606c87b7251c2953A30Fa445d8c5F856C7A,0x0000000000000000000000002a2019b30c157db6c1c01306b8025167dbe1803b,3,200000,3000000,0xFEbCF17b11376C724AB5a5229803C6e838b6eAe5,0x174F2bA26f8ADeAfA82663bcf908288d5DbCa649,0x665bd7A4b5765758ccF1eB5b6dEAf6bb07b6c531,,0x91eBC17cD330DD694225133455583FBCA54b8eC8,3,0x6e74053a3798e0fC9a9775F7995316b27f21c4D2;0x17e06ce6914E3969f7BD37D8b2a563890cA1c96e;0x381e2495e683868F693AA5B1414F712f21d34b40;0x8d8290d49e88D16d81C6aDf6C8774eD88762274A;0xcbc616D595D38483e6AdC45C7E426f44bF230928;0x13Fe84D36d7a507Bb4bdAC6dCaF13a10961fc470
optimism,144079249,0x31D982ebd82Ad900358984bd049207A4c2468640,0x0000000000000000000000002a2019b30c157db6c1c01306b8025167dbe1803b,3,200000,3000000,0x2D2ea0697bdbede3F01553D2Ae4B8d0c486B666e,0x6A02D83e8d433304bba74EF1c427913958187142,0x6c26c61a97006888ea9E4FA36584c7df57Cd9dA3,,0x419e672d625f998dd07a7ecf2E06B896F8717cb2,3,0x13Fe84D36d7a507Bb4bdAC6dCaF13a10961fc470;0xcbc616D595D38483e6AdC45C7E426f44bF230928;0x8d8290d49e88D16d81C6aDf6C8774eD88762274A;0x17e06ce6914E3969f7BD37D8b2a563890cA1c96e;0x381e2495e683868F693AA5B1414F712f21d34b40;0x6e74053a3798e0fC9a9775F7995316b27f21c4D2
arbitrum,402703448,0x29F5DBD0FE72d8f11271FCBE79Cb87E18a83C70A,0x0000000000000000000000002a2019b30c157db6c1c01306b8025167dbe1803b,3,200000,3000000,0x31CAe3B7fB82d847621859fb1585353c5720660D,0x2f55C492897526677C5B68fb199ea31E2c126416,0x532410B245eB41f24Ed1179BA0f6ffD94738AE70,,0x3da490b19F300E7cb2280426C8aD536dB2df445c,3,0x13Fe84D36d7a507Bb4bdAC6dCaF13a10961fc470;0xcbc616D595D38483e6AdC45C7E426f44bF230928;0x8d8290d49e88D16d81C6aDf6C8774eD88762274A;0x17e06ce6914E3969f7BD37D8b2a563890cA1c96e;0x381e2495e683868F693AA5B1414F712f21d34b40;0x6e74053a3798e0fC9a9775F7995316b27f21c4D2
avalanche,72351150,0x7a07D606c87b7251c2953A30Fa445d8c5F856C7A,0x0000000000000000000000002a2019b30c157db6c1c01306b8025167dbe1803b,3,200000,3000000,0x90E595783E43eb89fF07f63d27B8430e6B44bD9c,0x962F502A63F5FBeB44DC9ab932122648E8352959,0xe4DD168822767C4342e54e6241f0b91DE0d3c241,,0xBF1fF4D8B05F0871ca3f49e49fF1cA8AeeBD3b4b,3,0x13Fe84D36d7a507Bb4bdAC6dCaF13a10961fc470;0xcbc616D595D38483e6AdC45C7E426f44bF230928;0x8d8290d49e88D16d81C6aDf6C8774eD88762274A;0x17e06ce6914E3969f7BD37D8b2a563890cA1c96e;0x381e2495e683868F693AA5B1414F712f21d34b40;0x6e74053a3798e0fC9a9775F7995316b27f21c4D2
bnb,69007941,0x452420df4AC1e3db5429b5FD629f3047482C543C,0x0000000000000000000000002a2019b30c157db6c1c01306b8025167dbe1803b,3,200000,3000000,0x3ebD570ed38B1b3b4BC886999fcF507e9D584859,0xfD6865c841c2d64565562fCc7e05e619A30615f0,0x4BA6dF2CdB28820B4f007EF7A81E806f81b2c5dC,,0xB1eff95B323D60cc04B1a44Ca1dBcbC935ae2C84,3,0x13Fe84D36d7a507Bb4bdAC6dCaF13a10961fc470;0xcbc616D595D38483e6AdC45C7E426f44bF230928;0x8d8290d49e88D16d81C6aDf6C8774eD88762274A;0x17e06ce6914E3969f7BD37D8b2a563890cA1c96e;0x381e2495e683868F693AA5B1414F712f21d34b40;0x6e74053a3798e0fC9a9775F7995316b27f21c4D2
aurora,173627111,0x53e36c8380ff62d7964bfa4868a0045e58a52344,0x0000000000000000000000002a2019b30c157db6c1c01306b8025167dbe1803b,3,200000,3000000,0xA2b402FFE8dd7460a8b425644B6B9f50667f0A61,0xD4a903930f2c9085586cda0b11D9681EECb20D2f,0xe9bA4C1e76D874a43942718Dafc96009ec9D9917,,0x73F365d34b81E731825a094c2E722A08574335cd,3,0x8d8290d49e88D16d81C6aDf6C8774eD88762274A;0x13Fe84D36d7a507Bb4bdAC6dCaF13a10961fc470;0xcbc616D595D38483e6AdC45C7E426f44bF230928;0x17e06ce6914E3969f7BD37D8b2a563890cA1c96e;0x381e2495e683868F693AA5B1414F712f21d34b40;0x6e74053a3798e0fC9a9775F7995316b27f21c4D2
worldchain,22210818,0x938d99A81814f66b01010d19DDce92A633441699,0x0000000000000000000000002a2019b30c157db6c1c01306b8025167dbe1803b,3,200000,3000000,0xcCE466a522984415bC91338c232d98869193D46e,0x6788f52439ACA6BFF597d3eeC2DC9a44B8FEE842,0x4514FC667a944752ee8A29F544c1B20b1A315f25,,0xf57d47c3EA11c12253dBc0BeAf097d5c206e8773,3,0x13Fe84D36d7a507Bb4bdAC6dCaF13a10961fc470;0xcbc616D595D38483e6AdC45C7E426f44bF230928;0x8d8290d49e88D16d81C6aDf6C8774eD88762274A;0x17e06ce6914E3969f7BD37D8b2a563890cA1c96e;0x381e2495e683868F693AA5B1414F712f21d34b40;0x6e74053a3798e0fC9a9775F7995316b27f21c4D2
plasma,6826703,0x8EbB34b1880B2EA5e458082590B3A2c9Ea7C41A2,0x0000000000000000000000002a2019b30c157db6c1c01306b8025167dbe1803b,3,-,-,0x4208D6E27538189bB48E603D6123A94b8Abe0A0b,0x282b3386571f7f794450d5789911a9804FA346b4,0x4514FC667a944752ee8A29F544c1B20b1A315f25,1.0.1,0x7d99C7737751b044DF4fA10aeEFA31532dd11DBE,3,0x8d8290d49e88D16d81C6aDf6C8774eD88762274A;0x13Fe84D36d7a507Bb4bdAC6dCaF13a10961fc470;0xcbc616D595D38483e6AdC45C7E426f44bF230928;0x17e06ce6914E3969f7BD37D8b2a563890cA1c96e;0x381e2495e683868F693AA5B1414F712f21d34b40;0x6e74053a3798e0fC9a9775F7995316b27f21c4D2
berachain,13371278,0xc71BF5Ee4740405030eF521F18A96eA14fec802D,0x0000000000000000000000002a2019b30c157db6c1c01306b8025167dbe1803b,3,200000,3000000,0x4208D6E27538189bB48E603D6123A94b8Abe0A0b,0x282b3386571f7f794450d5789911a9804FA346b4,0x4514FC667a944752ee8A29F544c1B20b1A315f25,,0x436b303dAf4b95e94ad86cA3821d5E50eB0De3aA,3,0x13Fe84D36d7a507Bb4bdAC6dCaF13a10961fc470;0x17e06ce6914E3969f7BD37D8b2a563890cA1c96e;0x8d8290d49e88D16d81C6aDf6C8774eD88762274A;0xcbc616D595D38483e6AdC45C7E426f44bF230928;0x381e2495e683868F693AA5B1414F712f21d34b40;0x6e74053a3798e0fC9a9775F7995316b27f21c4D2
mode,31794846,0x486CB4788F1bE7cdEf9301a7a637B451df3Cf262,0x0000000000000000000000002a2019b30c157db6c1c01306b8025167dbe1803b,3,200000,3000000,0x4208D6E27538189bB48E603D6123A94b8Abe0A0b,0xce8358bc28dd8296Ce8cAF1CD2b44787abd65887,0xe1844c5D63a9543023008D332Bd3d2e6f1FE1043,,0x6336CFA6eDBeC2A459d869031DB77fC2770Eaa66,3,0x13Fe84D36d7a507Bb4bdAC6dCaF13a10961fc470;0x6e74053a3798e0fC9a9775F7995316b27f21c4D2;0x17e06ce6914E3969f7BD37D8b2a563890cA1c96e;0x8d8290d49e88D16d81C6aDf6C8774eD88762274A;0xcbc616D595D38483e6AdC45C7E426f44bF230928;0x381e2495e683868F693AA5B1414F712f21d34b40
linea,25891259,0x6cA98f43719231d38F6426DB64C7F3D5C7CE7876,0x0000000000000000000000002a2019b30c157db6c1c01306b8025167dbe1803b,3,200000,3000000,0x0408804C5dcD9796F22558464E6fE5bDdF16A7c7,0x129Ee430Cb2Ff2708CCADDBDb408a88Fe4FFd480,0xf463B0E147D99763136374E6A22a0Ba9bBb9ed09,,0x0E5a5284820E350ffce7fe7ba3364FaC1C53eaFD,3,0x6e74053a3798e0fC9a9775F7995316b27f21c4D2;0x17e06ce6914E3969f7BD37D8b2a563890cA1c96e;0x381e2495e683868F693AA5B1414F712f21d34b40;0x8d8290d49e88D16d81C6aDf6C8774eD88762274A;0xcbc616D595D38483e6AdC45C7E426f44bF230928;0x13Fe84D36d7a507Bb4bdAC6dCaF13a10961fc470
scroll,25236778,0xF6f45CCB5E85D1400067ee66F9e168f83e86124E,0x0000000000000000000000002a2019b30c157db6c1c01306b8025167dbe1803b,3,200000,3000000,0x581b26F362AD383f7B51eF8A165Efa13DDe398a4,0xbe0d08a85EeBFCC6eDA0A843521f7CBB1180D2e2,0x3D861d36745dCAaC7e2eC345317a19003246abC9,,0x73F365d34b81E731825a094c2E722A08574335cd,3,0x8d8290d49e88D16d81C6aDf6C8774eD88762274A;0x13Fe84D36d7a507Bb4bdAC6dCaF13a10961fc470;0xcbc616D595D38483e6AdC45C7E426f44bF230928;0x17e06ce6914E3969f7BD37D8b2a563890cA1c96e;0x381e2495e683868F693AA5B1414F712f21d34b40;0x6e74053a3798e0fC9a9775F7995316b27f21c4D2
stable,2851813,0x8EbB34b1880B2EA5e458082590B3A2c9Ea7C41A2,0x0000000000000000000000002a2019b30c157db6c1c01306b8025167dbe1803b,3,200000,3000000,0x4208D6E27538189bB48E603D6123A94b8Abe0A0b,0x9C061c9A4782294eeF65ef28Cb88233A987F4bdD,0x4514FC667a944752ee8A29F544c1B20b1A315f25,1.0.1,0x0C46f54BF9EF8fd58e2D294b8cEA488204EcB3D8,3,0x8d8290d49e88D16d81C6aDf6C8774eD88762274A;0x17e06ce6914E3969f7BD37D8b2a563890cA1c96e;0xcbc616D595D38483e6AdC45C7E426f44bF230928;0x381e2495e683868F693AA5B1414F712f21d34b40;0x6e74053a3798e0fC9a9775F7995316b27f21c4D2;0x13Fe84D36d7a507Bb4bdAC6dCaF13a10961fc470
zksync,66459109,0xc5e4a0cfef8d801278927c25fb51c1db7b69ddfb,0x0000000000000000000000002a2019b30c157db6c1c01306b8025167dbe1803b,3,200000,3000000,0x664e390e672A811c12091db8426cBb7d68D5D8A6,0x620A9DF73D2F1015eA75aea1067227F9013f5C51,0x2bB230ab04959EBB068fae428615aF7DF0a06F11,,0x66716ae60898dD4479B52aC4d92ef16C1821f420,3,0x8d8290d49e88D16d81C6aDf6C8774eD88762274A;0x13Fe84D36d7a507Bb4bdAC6dCaF13a10961fc470;0xcbc616D595D38483e6AdC45C7E426f44bF230928;0x17e06ce6914E3969f7BD37D8b2a563890cA1c96e;0x381e2495e683868F693AA5B1414F712f21d34b40;0x6e74053a3798e0fC9a9775F7995316b27f21c4D2
plumephoenix,39512715,0x6cA98f43719231d38F6426DB64C7F3D5C7CE7876,0x0000000000000000000000002a2019b30c157db6c1c01306b8025167dbe1803b,3,200000,3000000,0x41Bdb4aa4A63a5b2Efc531858d3118392B1A1C3d,0x4208D6E27538189bB48E603D6123A94b8Abe0A0b,0x980205D352F198748B626f6f7C38A8a5663Ec981,,0x77dDd3EC570EEAf2c513de3c833c5E82A721978B,3,0xcbc616D595D38483e6AdC45C7E426f44bF230928;0x13Fe84D36d7a507Bb4bdAC6dCaF13a10961fc470;0x17e06ce6914E3969f7BD37D8b2a563890cA1c96e;0x8d8290d49e88D16d81C6aDf6C8774eD88762274A;0x381e2495e683868F693AA5B1414F712f21d34b40;0x6e74053a3798e0fC9a9775F7995316b27f21c4D2
katana,17014465,0x5d8EB59A12Bc98708702305A7b032f4b69Dd5b5c,0x0000000000000000000000002a2019b30c157db6c1c01306b8025167dbe1803b,3,200000,3000000,0x4208D6E27538189bB48E603D6123A94b8Abe0A0b,0x282b3386571f7f794450d5789911a9804FA346b4,0x4514FC667a944752ee8A29F544c1B20b1A315f25,,0x19A90b0476cdc8EC1239266663CA820175B9B527,3,0x13Fe84D36d7a507Bb4bdAC6dCaF13a10961fc470;0xcbc616D595D38483e6AdC45C7E426f44bF230928;0x8d8290d49e88D16d81C6aDf6C8774eD88762274A;0x17e06ce6914E3969f7BD37D8b2a563890cA1c96e;0x381e2495e683868F693AA5B1414F712f21d34b40;0x6e74053a3798e0fC9a9775F7995316b27f21c4D2
sei,180071384,0x3a6F28e8DDD232B02C72C491Bd1626F69D2fb329,0x0000000000000000000000002a2019b30c157db6c1c01306b8025167dbe1803b,3,200000,3000000,0xc097ab8CD7b053326DFe9fB3E3a31a0CCe3B526f,0x6788f52439ACA6BFF597d3eeC2DC9a44B8FEE842,0x4514FC667a944752ee8A29F544c1B20b1A315f25,,0x0357D02fc95320b990322d3ff69204c3D251171b,3,0x13Fe84D36d7a507Bb4bdAC6dCaF13a10961fc470;0x17e06ce6914E3969f7BD37D8b2a563890cA1c96e;0x8d8290d49e88D16d81C6aDf6C8774eD88762274A;0xcbc616D595D38483e6AdC45C7E426f44bF230928;0x381e2495e683868F693AA5B1414F712f21d34b40;0x6e74053a3798e0fC9a9775F7995316b27f21c4D2
ethereum,23849780,0x3ad4dC2319394bB4BE99A0e4aE2AbF7bCEbD648E,0x0000000000000000000000002a2019b30c157db6c1c01306b8025167dbe1803b,3,200000,3000000,0x173272739Bd7Aa6e4e214714048a9fE699453059,0x589dEDbD617e0CBcB916A9223F4d1300c294236b,0x5ebB3f2feaA15271101a927869B3A56837e73056,,0xB1748C79709f4Ba2Dd82834B8c82D4a505003f27,3,0x6933BCC3e96f1C4d2cb73Cb391d854b18Ab7A4F2;0xcbc616D595D38483e6AdC45C7E426f44bF230928;0x17e06ce6914E3969f7BD37D8b2a563890cA1c96e;0xc8dE9f45601DA8C76158b8CAF3E56E8A037F2228;0x6e74053a3798e0fC9a9775F7995316b27f21c4D2
abstract,26604342,0xc5e4a0cfef8d801278927c25fb51c1db7b69ddfb,0x0000000000000000000000002a2019b30c157db6c1c01306b8025167dbe1803b,3,200000,3000000,0x643E1471f37c4680Df30cF0C540Cd379a0fF58A5,0xF4DA94b4EE9D8e209e3bf9f469221CE2731A7112,0x54f1DEB345306F326096a2dce26c0DD05e7B595A,,0xcC20eAE3CdC554E96291708B362dF349CC443808,3,0x6e74053a3798e0fC9a9775F7995316b27f21c4D2;0x17e06ce6914E3969f7BD37D8b2a563890cA1c96e;0x381e2495e683868F693AA5B1414F712f21d34b40;0x8d8290d49e88D16d81C6aDf6C8774eD88762274A;0xcbc616D595D38483e6AdC45C7E426f44bF230928;0x13Fe84D36d7a507Bb4bdAC6dCaF13a10961fc470