file	source_repo	commit	source_path	sha256
Deprecate-34443-1-FPI.json	dhruvinparikh/frax-oft-upgradeable	edc0e95f1a44cd42783a8f62e46539aab8c2ab8a	scripts/ops/DeprecateChain/txs/deprecate-34443/Deprecate-34443-1-FPI.json	7a530b5abf1f6084755e101b2319ea5a924427d5fbfdff6fd889276da7610333
Deprecate-34443-1-FRXETH.json	dhruvinparikh/frax-oft-upgradeable	edc0e95f1a44cd42783a8f62e46539aab8c2ab8a	scripts/ops/DeprecateChain/txs/deprecate-34443/Deprecate-34443-1-FRXETH.json	d005df9631884007693f3a7f6ce0f0c24fa0dd04ee1c7827301078fe00a31170
Deprecate-34443-1-FRXUSD.json	dhruvinparikh/frax-oft-upgradeable	edc0e95f1a44cd42783a8f62e46539aab8c2ab8a	scripts/ops/DeprecateChain/txs/deprecate-34443/Deprecate-34443-1-FRXUSD.json	0bbe3cb3f7e8457b9c0cb57dcf3ed4208bca6bdd87e3e28f70d0452fe195110f
Deprecate-34443-1-SFRXETH.json	dhruvinparikh/frax-oft-upgradeable	edc0e95f1a44cd42783a8f62e46539aab8c2ab8a	scripts/ops/DeprecateChain/txs/deprecate-34443/Deprecate-34443-1-SFRXETH.json	a79bd3350271200dd02a5ac50eee20483658c9a1637e22764f652e3435303a5d
Deprecate-34443-1-SFRXUSD.json	dhruvinparikh/frax-oft-upgradeable	edc0e95f1a44cd42783a8f62e46539aab8c2ab8a	scripts/ops/DeprecateChain/txs/deprecate-34443/Deprecate-34443-1-SFRXUSD.json	dd385aac220850c055eb82a53fa1318a5c19c28c8ae7f2e42f010004f4f51bb9
Deprecate-34443-1-WFRAX.json	dhruvinparikh/frax-oft-upgradeable	edc0e95f1a44cd42783a8f62e46539aab8c2ab8a	scripts/ops/DeprecateChain/txs/deprecate-34443/Deprecate-34443-1-WFRAX.json	10a1a4fdc47368d1fbf1a0495aa02f3b598e215f5ccdf48a3914cfe2c97ee46b
Deprecate-34443-10-FPI.json	dhruvinparikh/frax-oft-upgradeable	edc0e95f1a44cd42783a8f62e46539aab8c2ab8a	scripts/ops/DeprecateChain/txs/deprecate-34443/Deprecate-34443-10-FPI.json	0c09da9e43bc080d15d8f44e6209eec1f37290a90928b9e91c8ca7e56745dc13
Deprecate-34443-10-FRXETH.json	dhruvinparikh/frax-oft-upgradeable	edc0e95f1a44cd42783a8f62e46539aab8c2ab8a	scripts/ops/DeprecateChain/txs/deprecate-34443/Deprecate-34443-10-FRXETH.json	a5392891ba5622003b033c4b96cc49b7c02c19dad851811d570a44e7da2e99e5
Deprecate-34443-10-FRXUSD.json	dhruvinparikh/frax-oft-upgradeable	edc0e95f1a44cd42783a8f62e46539aab8c2ab8a	scripts/ops/DeprecateChain/txs/deprecate-34443/Deprecate-34443-10-FRXUSD.json	36c79b67b1c5c6ed020da3311d135f32562852959624685de5e380d2a8e174fb
Deprecate-34443-10-SFRXETH.json	dhruvinparikh/frax-oft-upgradeable	edc0e95f1a44cd42783a8f62e46539aab8c2ab8a	scripts/ops/DeprecateChain/txs/deprecate-34443/Deprecate-34443-10-SFRXETH.json	ec19fc4e95ed7e0c5ec3876ef2d1d1dfdc624183f4c90676c1e7e5236b65d603
Deprecate-34443-10-SFRXUSD.json	dhruvinparikh/frax-oft-upgradeable	edc0e95f1a44cd42783a8f62e46539aab8c2ab8a	scripts/ops/DeprecateChain/txs/deprecate-34443/Deprecate-34443-10-SFRXUSD.json	4e6d2891a3273d5531c9c76e405fbbabb0b5cc8861a12e9105cc04e5344b9d11
Deprecate-34443-10-WFRAX.json	dhruvinparikh/frax-oft-upgradeable	edc0e95f1a44cd42783a8f62e46539aab8c2ab8a	scripts/ops/DeprecateChain/txs/deprecate-34443/Deprecate-34443-10-WFRAX.json	4fac14afb11593a113b0d397ce67fac02392ddc874cd56ac2ed9a04e0d81d078
Deprecate-34443-111111111-FPI.json	dhruvinparikh/frax-oft-upgradeable	edc0e95f1a44cd42783a8f62e46539aab8c2ab8a	scripts/ops/DeprecateChain/txs/deprecate-34443/Deprecate-34443-111111111-FPI.json	227b0f8043ab5461ddc42758a7152f23a8fc6fc504887484526104975eef4f1b
Deprecate-34443-111111111-FRXETH.json	dhruvinparikh/frax-oft-upgradeable	edc0e95f1a44cd42783a8f62e46539aab8c2ab8a	scripts/ops/DeprecateChain/txs/deprecate-34443/Deprecate-34443-111111111-FRXETH.json	07196369e06e3d386746741d75a6ba81b8a4ca354a92044b331348d6cea4e7e7
Deprecate-34443-111111111-FRXUSD.json	dhruvinparikh/frax-oft-upgradeable	edc0e95f1a44cd42783a8f62e46539aab8c2ab8a	scripts/ops/DeprecateChain/txs/deprecate-34443/Deprecate-34443-111111111-FRXUSD.json	8ae542e05c461c66e433cde57c80239170eafd2dba9a5a5359005fab2c71e7c7
Deprecate-34443-111111111-SFRXETH.json	dhruvinparikh/frax-oft-upgradeable	edc0e95f1a44cd42783a8f62e46539aab8c2ab8a	scripts/ops/DeprecateChain/txs/deprecate-34443/Deprecate-34443-111111111-SFRXETH.json	8426d004c31b92d26ce866709666ac15eaabcb26e8edfb1564132b52eaefcb85
Deprecate-34443-111111111-SFRXUSD.json	dhruvinparikh/frax-oft-upgradeable	edc0e95f1a44cd42783a8f62e46539aab8c2ab8a	scripts/ops/DeprecateChain/txs/deprecate-34443/Deprecate-34443-111111111-SFRXUSD.json	805a82f7467837934a00721330e06cdc8b6e5e3bda28575d8568fb6f0bc444d1
Deprecate-34443-111111111-WFRAX.json	dhruvinparikh/frax-oft-upgradeable	edc0e95f1a44cd42783a8f62e46539aab8c2ab8a	scripts/ops/DeprecateChain/txs/deprecate-34443/Deprecate-34443-111111111-WFRAX.json	fb93894bffddd8a34aacadb6931bdc369bda85741a44382cc7276b6a0ad4a510
Deprecate-34443-1329-FPI.json	dhruvinparikh/frax-oft-upgradeable	edc0e95f1a44cd42783a8f62e46539aab8c2ab8a	scripts/ops/DeprecateChain/txs/deprecate-34443/Deprecate-34443-1329-FPI.json	ce08dc70b4aa7dc194f2b16651fd7f6ba4f08d36986ab9a4155e8d8c10a0d3d0
Deprecate-34443-1329-FRXETH.json	dhruvinparikh/frax-oft-upgradeable	edc0e95f1a44cd42783a8f62e46539aab8c2ab8a	scripts/ops/DeprecateChain/txs/deprecate-34443/Deprecate-34443-1329-FRXETH.json	0f6cb6378b83ed3210fd6f38b5212f12d85f8093d7a81273db7d34670978084e
Deprecate-34443-1329-FRXUSD.json	dhruvinparikh/frax-oft-upgradeable	edc0e95f1a44cd42783a8f62e46539aab8c2ab8a	scripts/ops/DeprecateChain/txs/deprecate-34443/Deprecate-34443-1329-FRXUSD.json	3a1ae26fdb83f1e8abb84490679b1e2c91994db97ea5874959d31b7e6d8f7026
Deprecate-34443-1329-SFRXETH.json	dhruvinparikh/frax-oft-upgradeable	edc0e95f1a44cd42783a8f62e46539aab8c2ab8a	scripts/ops/DeprecateChain/txs/deprecate-34443/Deprecate-34443-1329-SFRXETH.json	a63fbd23cc7ea5c9498349108ef681884f9a2b59ebd8384ff6f13cb770505f4a
Deprecate-34443-1329-SFRXUSD.json	dhruvinparikh/frax-oft-upgradeable	edc0e95f1a44cd42783a8f62e46539aab8c2ab8a	scripts/ops/DeprecateChain/txs/deprecate-34443/Deprecate-34443-1329-SFRXUSD.json	198b7fdfad5b16463d0cadf2a06395e5fb454df561f991e4987120b3e6c2dd97
Deprecate-34443-1329-WFRAX.json	dhruvinparikh/frax-oft-upgradeable	edc0e95f1a44cd42783a8f62e46539aab8c2ab8a	scripts/ops/DeprecateChain/txs/deprecate-34443/Deprecate-34443-1329-WFRAX.json	e42d1d914fb330d8cc16b28db1ae5d365929c62ee22b69e99b74393e63718392
Deprecate-34443-137-FPI.json	dhruvinparikh/frax-oft-upgradeable	edc0e95f1a44cd42783a8f62e46539aab8c2ab8a	scripts/ops/DeprecateChain/txs/deprecate-34443/Deprecate-34443-137-FPI.json	ae9a362cd3ffd4a5ac24dbd499bd31c18cd97fcf75b2fd2b01a40930459a5839
Deprecate-34443-137-FRXETH.json	dhruvinparikh/frax-oft-upgradeable	edc0e95f1a44cd42783a8f62e46539aab8c2ab8a	scripts/ops/DeprecateChain/txs/deprecate-34443/Deprecate-34443-137-FRXETH.json	7fc9e7d7e6483039dba96689119d35d3e53ac056221c52dd47fef0e5542d1a31
Deprecate-34443-137-FRXUSD.json	dhruvinparikh/frax-oft-upgradeable	edc0e95f1a44cd42783a8f62e46539aab8c2ab8a	scripts/ops/DeprecateChain/txs/deprecate-34443/Deprecate-34443-137-FRXUSD.json	ce2f7a2651657a8abf348ebfb7c27bf8320c024c161f5acb6e9e383d05d8f940
Deprecate-34443-137-SFRXETH.json	dhruvinparikh/frax-oft-upgradeable	edc0e95f1a44cd42783a8f62e46539aab8c2ab8a	scripts/ops/DeprecateChain/txs/deprecate-34443/Deprecate-34443-137-SFRXETH.json	27f188f354075245af87d8b3b392d3de1607d990c8b042118d14ec37ba26b93e
Deprecate-34443-137-SFRXUSD.json	dhruvinparikh/frax-oft-upgradeable	edc0e95f1a44cd42783a8f62e46539aab8c2ab8a	scripts/ops/DeprecateChain/txs/deprecate-34443/Deprecate-34443-137-SFRXUSD.json	b99cd903709b9e68e0e58f7a32f3c233e9f70ca486ea6b936e27aac166a296a6
Deprecate-34443-137-WFRAX.json	dhruvinparikh/frax-oft-upgradeable	edc0e95f1a44cd42783a8f62e46539aab8c2ab8a	scripts/ops/DeprecateChain/txs/deprecate-34443/Deprecate-34443-137-WFRAX.json	fbf5e08027d65a41e5e3035126f452df3912669da4e4b385dedab2fe6047e04b
Deprecate-34443-146-FPI.json	dhruvinparikh/frax-oft-upgradeable	edc0e95f1a44cd42783a8f62e46539aab8c2ab8a	scripts/ops/DeprecateChain/txs/deprecate-34443/Deprecate-34443-146-FPI.json	3cea4767fe77ddad3f74b5427c9d5478bf71939779549ce4872250a146abbecc
Deprecate-34443-146-FRXETH.json	dhruvinparikh/frax-oft-upgradeable	edc0e95f1a44cd42783a8f62e46539aab8c2ab8a	scripts/ops/DeprecateChain/txs/deprecate-34443/Deprecate-34443-146-FRXETH.json	cb0dfb8131535974e0d3182ccea9907593f3cb61e9c8321a1d5fcf1d8c6a3fe0
Deprecate-34443-146-FRXUSD.json	dhruvinparikh/frax-oft-upgradeable	edc0e95f1a44cd42783a8f62e46539aab8c2ab8a	scripts/ops/DeprecateChain/txs/deprecate-34443/Deprecate-34443-146-FRXUSD.json	04ba4ea5648fce2ce38cd8d4cb008ed8007d99c8b63d318b53ca7117f9349688
Deprecate-34443-146-SFRXETH.json	dhruvinparikh/frax-oft-upgradeable	edc0e95f1a44cd42783a8f62e46539aab8c2ab8a	scripts/ops/DeprecateChain/txs/deprecate-34443/Deprecate-34443-146-SFRXETH.json	847ddd0281b4a3d335d060fe78e85fda2661e27b1e1a11880f64cb04cca32a0b
Deprecate-34443-146-SFRXUSD.json	dhruvinparikh/frax-oft-upgradeable	edc0e95f1a44cd42783a8f62e46539aab8c2ab8a	scripts/ops/DeprecateChain/txs/deprecate-34443/Deprecate-34443-146-SFRXUSD.json	3c3823d7b32d3feecb5e37f8d24c858fbe49bc6080b922ea7d6d5297ef28cdca
Deprecate-34443-146-WFRAX.json	dhruvinparikh/frax-oft-upgradeable	edc0e95f1a44cd42783a8f62e46539aab8c2ab8a	scripts/ops/DeprecateChain/txs/deprecate-34443/Deprecate-34443-146-WFRAX.json	fbb2375598d0ce7f654e79facf3fcd100175dab6e41ac17bfbc17111c7502738
Deprecate-34443-196-FPI.json	dhruvinparikh/frax-oft-upgradeable	edc0e95f1a44cd42783a8f62e46539aab8c2ab8a	scripts/ops/DeprecateChain/txs/deprecate-34443/Deprecate-34443-196-FPI.json	482271695ea39401c8d06084d863a72d05a6edb676af791bace3ef35a6eebf3f
Deprecate-34443-196-FRXETH.json	dhruvinparikh/frax-oft-upgradeable	edc0e95f1a44cd42783a8f62e46539aab8c2ab8a	scripts/ops/DeprecateChain/txs/deprecate-34443/Deprecate-34443-196-FRXETH.json	94ce96aa1bf78c39302edd2ef5a0c12f5206a43aa038d84579c72496e9177683
Deprecate-34443-196-FRXUSD.json	dhruvinparikh/frax-oft-upgradeable	edc0e95f1a44cd42783a8f62e46539aab8c2ab8a	scripts/ops/DeprecateChain/txs/deprecate-34443/Deprecate-34443-196-FRXUSD.json	10520651864e29ea70316a8a694a87c5b1ba1c7c9665765baf80429628eb2a1f
Deprecate-34443-196-SFRXETH.json	dhruvinparikh/frax-oft-upgradeable	edc0e95f1a44cd42783a8f62e46539aab8c2ab8a	scripts/ops/DeprecateChain/txs/deprecate-34443/Deprecate-34443-196-SFRXETH.json	c85475d3d2db0359b4e791df21ef77109f4c0a793412d31777dbfc395ad6c5ee
Deprecate-34443-196-SFRXUSD.json	dhruvinparikh/frax-oft-upgradeable	edc0e95f1a44cd42783a8f62e46539aab8c2ab8a	scripts/ops/DeprecateChain/txs/deprecate-34443/Deprecate-34443-196-SFRXUSD.json	83bdcac95c547af38a6e35026c56eae0b9bfedee326b4a450f22900a87f808d0
Deprecate-34443-196-WFRAX.json	dhruvinparikh/frax-oft-upgradeable	edc0e95f1a44cd42783a8f62e46539aab8c2ab8a	scripts/ops/DeprecateChain/txs/deprecate-34443/Deprecate-34443-196-WFRAX.json	50c84ea68e24d6964f750540c8070e118dc1b16c9bb4bbeec97dba45b3e3716e
Deprecate-34443-252-FPI.json	dhruvinparikh/frax-oft-upgradeable	edc0e95f1a44cd42783a8f62e46539aab8c2ab8a	scripts/ops/DeprecateChain/txs/deprecate-34443/Deprecate-34443-252-FPI.json	b1a1c5c65da3566b21c2be68e5638eadcb994018d8e2928507e91ca270a28a89
Deprecate-34443-252-FRXETH.json	dhruvinparikh/frax-oft-upgradeable	edc0e95f1a44cd42783a8f62e46539aab8c2ab8a	scripts/ops/DeprecateChain/txs/deprecate-34443/Deprecate-34443-252-FRXETH.json	1eafa633d27a8d2854a4804ed9015c5b1f62dcb38c7ba091ae3f1b7eaecbd173
Deprecate-34443-252-FRXUSD.json	dhruvinparikh/frax-oft-upgradeable	edc0e95f1a44cd42783a8f62e46539aab8c2ab8a	scripts/ops/DeprecateChain/txs/deprecate-34443/Deprecate-34443-252-FRXUSD.json	113ab7ee971832128186645c49b547958dfd8fd6a86d35c50bf53ad14751c7b0
Deprecate-34443-252-SFRXETH.json	dhruvinparikh/frax-oft-upgradeable	edc0e95f1a44cd42783a8f62e46539aab8c2ab8a	scripts/ops/DeprecateChain/txs/deprecate-34443/Deprecate-34443-252-SFRXETH.json	34375ed8b679804f789bf5a3fd6221a30af77ce067158fe41fc9578a2118fddf
Deprecate-34443-252-SFRXUSD.json	dhruvinparikh/frax-oft-upgradeable	edc0e95f1a44cd42783a8f62e46539aab8c2ab8a	scripts/ops/DeprecateChain/txs/deprecate-34443/Deprecate-34443-252-SFRXUSD.json	84c0faba9e9c687ce15f925c6d72625ada7b481b83eb67630660372abad55771
Deprecate-34443-252-WFRAX.json	dhruvinparikh/frax-oft-upgradeable	edc0e95f1a44cd42783a8f62e46539aab8c2ab8a	scripts/ops/DeprecateChain/txs/deprecate-34443/Deprecate-34443-252-WFRAX.json	760ac635a09d7e26ed726908d58ee44a7cf31e8756830b7bf501c877ff0974e5
Deprecate-34443-42161-FPI.json	dhruvinparikh/frax-oft-upgradeable	edc0e95f1a44cd42783a8f62e46539aab8c2ab8a	scripts/ops/DeprecateChain/txs/deprecate-34443/Deprecate-34443-42161-FPI.json	6823595960d754a7c484566883e9e9bcce469d31ee0653e805db9e3c0276e89d
Deprecate-34443-42161-FRXETH.json	dhruvinparikh/frax-oft-upgradeable	edc0e95f1a44cd42783a8f62e46539aab8c2ab8a	scripts/ops/DeprecateChain/txs/deprecate-34443/Deprecate-34443-42161-FRXETH.json	7f21c8ee2059ddf8316f85025f19ba31f5a123c4b1f24457945cc5127c172779
Deprecate-34443-42161-FRXUSD.json	dhruvinparikh/frax-oft-upgradeable	edc0e95f1a44cd42783a8f62e46539aab8c2ab8a	scripts/ops/DeprecateChain/txs/deprecate-34443/Deprecate-34443-42161-FRXUSD.json	a873f595c217a5c58ed3be64da7d702f1e8d7a8225fd3b1ed392cd1949b4c2ff
Deprecate-34443-42161-SFRXETH.json	dhruvinparikh/frax-oft-upgradeable	edc0e95f1a44cd42783a8f62e46539aab8c2ab8a	scripts/ops/DeprecateChain/txs/deprecate-34443/Deprecate-34443-42161-SFRXETH.json	5999914b2eb95033dce4a99cbfe03eacc179bbbcedad62921897644fdd78315e
Deprecate-34443-42161-SFRXUSD.json	dhruvinparikh/frax-oft-upgradeable	edc0e95f1a44cd42783a8f62e46539aab8c2ab8a	scripts/ops/DeprecateChain/txs/deprecate-34443/Deprecate-34443-42161-SFRXUSD.json	759070707fb3bb1d5d01eea15bde631b4c4139e91cac76236a678a47dd63c230
Deprecate-34443-42161-WFRAX.json	dhruvinparikh/frax-oft-upgradeable	edc0e95f1a44cd42783a8f62e46539aab8c2ab8a	scripts/ops/DeprecateChain/txs/deprecate-34443/Deprecate-34443-42161-WFRAX.json	c470bb317bef18e64c4d810686e507c52d2b96851cad03a487b9aca5d3447302
Deprecate-34443-43114-FPI.json	dhruvinparikh/frax-oft-upgradeable	edc0e95f1a44cd42783a8f62e46539aab8c2ab8a	scripts/ops/DeprecateChain/txs/deprecate-34443/Deprecate-34443-43114-FPI.json	3b9a1e31e1697f648561f57ac8a3c2e73900d52f7bd43582dde39e800f753e25
Deprecate-34443-43114-FRXETH.json	dhruvinparikh/frax-oft-upgradeable	edc0e95f1a44cd42783a8f62e46539aab8c2ab8a	scripts/ops/DeprecateChain/txs/deprecate-34443/Deprecate-34443-43114-FRXETH.json	d0ee57e69b85ee9965055f34153c90642f9178909140b8cf696e952685159c10
Deprecate-34443-43114-FRXUSD.json	dhruvinparikh/frax-oft-upgradeable	edc0e95f1a44cd42783a8f62e46539aab8c2ab8a	scripts/ops/DeprecateChain/txs/deprecate-34443/Deprecate-34443-43114-FRXUSD.json	1a3f0d7cbe52f4a339f167eafbfa3cfbc5ca897038a9908fa4333a23d3623c18
Deprecate-34443-43114-SFRXETH.json	dhruvinparikh/frax-oft-upgradeable	edc0e95f1a44cd42783a8f62e46539aab8c2ab8a	scripts/ops/DeprecateChain/txs/deprecate-34443/Deprecate-34443-43114-SFRXETH.json	963df66caaee65531f49e57659970acb403f1514565770d180fe46e6f89c3908
Deprecate-34443-43114-SFRXUSD.json	dhruvinparikh/frax-oft-upgradeable	edc0e95f1a44cd42783a8f62e46539aab8c2ab8a	scripts/ops/DeprecateChain/txs/deprecate-34443/Deprecate-34443-43114-SFRXUSD.json	35fbd8a3b731ae6667ed421e413248c53799952adcbb46ee65e65e31e117763e
Deprecate-34443-43114-WFRAX.json	dhruvinparikh/frax-oft-upgradeable	edc0e95f1a44cd42783a8f62e46539aab8c2ab8a	scripts/ops/DeprecateChain/txs/deprecate-34443/Deprecate-34443-43114-WFRAX.json	ac4e50fc0c229d09a5ff4ffd021d93f2051f81dd813a82e2f26d507f018979b4
Deprecate-34443-56-FPI.json	dhruvinparikh/frax-oft-upgradeable	edc0e95f1a44cd42783a8f62e46539aab8c2ab8a	scripts/ops/DeprecateChain/txs/deprecate-34443/Deprecate-34443-56-FPI.json	a503dcd974d9e07fe9fded84c0bdc430b94ec69ecbd0fafbe5173f9843b77a4c
Deprecate-34443-56-FRXETH.json	dhruvinparikh/frax-oft-upgradeable	edc0e95f1a44cd42783a8f62e46539aab8c2ab8a	scripts/ops/DeprecateChain/txs/deprecate-34443/Deprecate-34443-56-FRXETH.json	84659ed9de40b47e9fc7b77dd87d3029dda4da47d749bb1e10f92837bb70c633
Deprecate-34443-56-FRXUSD.json	dhruvinparikh/frax-oft-upgradeable	edc0e95f1a44cd42783a8f62e46539aab8c2ab8a	scripts/ops/DeprecateChain/txs/deprecate-34443/Deprecate-34443-56-FRXUSD.json	560359e6417a359ef12f94e41df2740950a7cd277056e04a83bb6411f931e4a5
Deprecate-34443-56-SFRXETH.json	dhruvinparikh/frax-oft-upgradeable	edc0e95f1a44cd42783a8f62e46539aab8c2ab8a	scripts/ops/DeprecateChain/txs/deprecate-34443/Deprecate-34443-56-SFRXETH.json	2b767674ffecdb8eee570af67c7ec84e899ee7fb052615287a49cb79660dc0f7
Deprecate-34443-56-SFRXUSD.json	dhruvinparikh/frax-oft-upgradeable	edc0e95f1a44cd42783a8f62e46539aab8c2ab8a	scripts/ops/DeprecateChain/txs/deprecate-34443/Deprecate-34443-56-SFRXUSD.json	47ae3e524468ab3e2c87ad031482ecdb0897d50715ae728cdbb9d82eacdea510
Deprecate-34443-56-WFRAX.json	dhruvinparikh/frax-oft-upgradeable	edc0e95f1a44cd42783a8f62e46539aab8c2ab8a	scripts/ops/DeprecateChain/txs/deprecate-34443/Deprecate-34443-56-WFRAX.json	37c913ba6952048646b7f6956149462ba12e757bfbd3165c665d1fecd5a62468
Deprecate-34443-57073-FPI.json	dhruvinparikh/frax-oft-upgradeable	edc0e95f1a44cd42783a8f62e46539aab8c2ab8a	scripts/ops/DeprecateChain/txs/deprecate-34443/Deprecate-34443-57073-FPI.json	3d3e2e1ab999094c5ae367b7ba540f0d19fbe9a08b0e224d8f6df4a337b4365b
Deprecate-34443-57073-FRXETH.json	dhruvinparikh/frax-oft-upgradeable	edc0e95f1a44cd42783a8f62e46539aab8c2ab8a	scripts/ops/DeprecateChain/txs/deprecate-34443/Deprecate-34443-57073-FRXETH.json	a3fd694deb1670aa8a80fb01cfb36795c64c70eccf17ad15e8962e2fc82a2147
Deprecate-34443-57073-FRXUSD.json	dhruvinparikh/frax-oft-upgradeable	edc0e95f1a44cd42783a8f62e46539aab8c2ab8a	scripts/ops/DeprecateChain/txs/deprecate-34443/Deprecate-34443-57073-FRXUSD.json	67bccfe6377a697fbebcc0aa68150b0e6fdcae11c82514b0b780482be84e8db9
Deprecate-34443-57073-SFRXETH.json	dhruvinparikh/frax-oft-upgradeable	edc0e95f1a44cd42783a8f62e46539aab8c2ab8a	scripts/ops/DeprecateChain/txs/deprecate-34443/Deprecate-34443-57073-SFRXETH.json	f2f8079601a5f4b7b24448b39e5f21ba4f993fdbbe727702fedd5a2a04c181e8
Deprecate-34443-57073-SFRXUSD.json	dhruvinparikh/frax-oft-upgradeable	edc0e95f1a44cd42783a8f62e46539aab8c2ab8a	scripts/ops/DeprecateChain/txs/deprecate-34443/Deprecate-34443-57073-SFRXUSD.json	1a5976a95e8504f9a5fb0286216afccb14e69a7a9e6c12f8ead122ca44b694ca
Deprecate-34443-57073-WFRAX.json	dhruvinparikh/frax-oft-upgradeable	edc0e95f1a44cd42783a8f62e46539aab8c2ab8a	scripts/ops/DeprecateChain/txs/deprecate-34443/Deprecate-34443-57073-WFRAX.json	ce7bb0e8128b1b51c164a6465a76ee0e362c8624cfccdb87151c34cedd4fc2f6
Deprecate-34443-81457-FPI.json	dhruvinparikh/frax-oft-upgradeable	edc0e95f1a44cd42783a8f62e46539aab8c2ab8a	scripts/ops/DeprecateChain/txs/deprecate-34443/Deprecate-34443-81457-FPI.json	d0713eb209391dbb5abf1f7036b11778def055d54e7b221e0f8bf9a2118a7ef0
Deprecate-34443-81457-FRXETH.json	dhruvinparikh/frax-oft-upgradeable	edc0e95f1a44cd42783a8f62e46539aab8c2ab8a	scripts/ops/DeprecateChain/txs/deprecate-34443/Deprecate-34443-81457-FRXETH.json	3183c89decec9ade3f1c2e5f671a7fc1aa5ad826438793206d3735924035f305
Deprecate-34443-81457-FRXUSD.json	dhruvinparikh/frax-oft-upgradeable	edc0e95f1a44cd42783a8f62e46539aab8c2ab8a	scripts/ops/DeprecateChain/txs/deprecate-34443/Deprecate-34443-81457-FRXUSD.json	8ff0fddfcc9122201fa374aa538fe63fc15a4955465fbd8953159c812be92afa
Deprecate-34443-81457-SFRXETH.json	dhruvinparikh/frax-oft-upgradeable	edc0e95f1a44cd42783a8f62e46539aab8c2ab8a	scripts/ops/DeprecateChain/txs/deprecate-34443/Deprecate-34443-81457-SFRXETH.json	9fc3fae13859d6ce309c5bbfae8f1548fb9541ec233d3a65f26fc51d498d46e3
Deprecate-34443-81457-SFRXUSD.json	dhruvinparikh/frax-oft-upgradeable	edc0e95f1a44cd42783a8f62e46539aab8c2ab8a	scripts/ops/DeprecateChain/txs/deprecate-34443/Deprecate-34443-81457-SFRXUSD.json	8df71a7315e2638bd429023edbf19004a351e1351ab1771674bea9c5499ec0aa
Deprecate-34443-81457-WFRAX.json	dhruvinparikh/frax-oft-upgradeable	edc0e95f1a44cd42783a8f62e46539aab8c2ab8a	scripts/ops/DeprecateChain/txs/deprecate-34443/Deprecate-34443-81457-WFRAX.json	706edd487aba728af94d754fa68c155b7bde6ce90d49569cbd27cfd3a098c904
Deprecate-34443-8453-FPI.json	dhruvinparikh/frax-oft-upgradeable	edc0e95f1a44cd42783a8f62e46539aab8c2ab8a	scripts/ops/DeprecateChain/txs/deprecate-34443/Deprecate-34443-8453-FPI.json	ecc16771cadc4a40bd8a33fde038e4cc44a25d300162835a264193fc792b5a6f
Deprecate-34443-8453-FRXETH.json	dhruvinparikh/frax-oft-upgradeable	edc0e95f1a44cd42783a8f62e46539aab8c2ab8a	scripts/ops/DeprecateChain/txs/deprecate-34443/Deprecate-34443-8453-FRXETH.json	7d6e63e3c2ae9c34c9457d482938ba9742515547476fff2326e3d1f03dd291d6
Deprecate-34443-8453-FRXUSD.json	dhruvinparikh/frax-oft-upgradeable	edc0e95f1a44cd42783a8f62e46539aab8c2ab8a	scripts/ops/DeprecateChain/txs/deprecate-34443/Deprecate-34443-8453-FRXUSD.json	2df27e040b2f285caed2ee3733eaf2f8374a0bd6c77b89559fba9f6d6a115c57
Deprecate-34443-8453-SFRXETH.json	dhruvinparikh/frax-oft-upgradeable	edc0e95f1a44cd42783a8f62e46539aab8c2ab8a	scripts/ops/DeprecateChain/txs/deprecate-34443/Deprecate-34443-8453-SFRXETH.json	daa21e9a8f4d6104c107ca435dc719ea4d53c44efeb2950bf88bc1e989eaa452
Deprecate-34443-8453-SFRXUSD.json	dhruvinparikh/frax-oft-upgradeable	edc0e95f1a44cd42783a8f62e46539aab8c2ab8a	scripts/ops/DeprecateChain/txs/deprecate-34443/Deprecate-34443-8453-SFRXUSD.json	4917f0f80cbfe983188ec56e11814d163de60268fbf99ac22ba68eb79a2a5b71
Deprecate-34443-8453-WFRAX.json	dhruvinparikh/frax-oft-upgradeable	edc0e95f1a44cd42783a8f62e46539aab8c2ab8a	scripts/ops/DeprecateChain/txs/deprecate-34443/Deprecate-34443-8453-WFRAX.json	1e10766260d00ec24eb60b22c20d6d54a2a7522c6db69f45c6deeade9598a857
Deprecate-34443-1101-FPI.json	dhruvinparikh/frax-oft-upgradeable	28a6a2216dbbd21473fff283c77851f70f81ab21	scripts/ops/DeprecateChain/txs/deprecate-FPI/Deprecate-34443-1101-FPI.json	2b7c1e5f3ca470cca10ec16f644b9ee64b84857b5ca9ba79814abd9d27acc15d
HopV2-Upgrade-34443-0x6336.json	dhruvinparikh/hop-v2	4cf8976f518d9158a4c508ac948ddc4b6d5befe1	src/script/hop/upgrade/txs/34443-0x6336cfa6edbec2a459d869031db77fc2770eaa66.json	eed77ba03cbe2c18bc432c42a0265f1f619938df6972609fa450c1e3b1091de3
Deprecate-34443-30168-FPI.json	dhruvinparikh/frax-oft-upgradeable (DUPLICATE of Deprecate-34443-111111111-FPI.json, not vendored)	b6330ad7ae738e415e6fd6460ba436c18681852e	scripts/ops/DeprecateChain/txs/deprecate-111111111/Deprecate-34443-30168-FPI.json	1847302dde3e24a783de79179a5b3f46f6eda665c8139cba4896199dbb444628
Deprecate-34443-30168-FRXETH.json	dhruvinparikh/frax-oft-upgradeable (DUPLICATE of Deprecate-34443-111111111-FRXETH.json, not vendored)	b6330ad7ae738e415e6fd6460ba436c18681852e	scripts/ops/DeprecateChain/txs/deprecate-111111111/Deprecate-34443-30168-FRXETH.json	96d34661786f8751f5fe0c6086d471876e9411405c8eaaaca6be9bb5960d4275
Deprecate-34443-30168-FRXUSD.json	dhruvinparikh/frax-oft-upgradeable (DUPLICATE of Deprecate-34443-111111111-FRXUSD.json, not vendored)	b6330ad7ae738e415e6fd6460ba436c18681852e	scripts/ops/DeprecateChain/txs/deprecate-111111111/Deprecate-34443-30168-FRXUSD.json	df85c2e2d6db9ed5ba53001a1349817d6b899eaf79143aaf74e373a260ccce52
Deprecate-34443-30168-SFRXETH.json	dhruvinparikh/frax-oft-upgradeable (DUPLICATE of Deprecate-34443-111111111-SFRXETH.json, not vendored)	b6330ad7ae738e415e6fd6460ba436c18681852e	scripts/ops/DeprecateChain/txs/deprecate-111111111/Deprecate-34443-30168-SFRXETH.json	a0c22023b5db0d7f4f09155d89eed5a74e0a161a6ca9878ba8a370805a4c7c99
Deprecate-34443-30168-SFRXUSD.json	dhruvinparikh/frax-oft-upgradeable (DUPLICATE of Deprecate-34443-111111111-SFRXUSD.json, not vendored)	b6330ad7ae738e415e6fd6460ba436c18681852e	scripts/ops/DeprecateChain/txs/deprecate-111111111/Deprecate-34443-30168-SFRXUSD.json	d6871feca3b73363e13c5246c9ecad7015bdea474cec6af6ba33caef9afc1c12
Deprecate-34443-30168-WFRAX.json	dhruvinparikh/frax-oft-upgradeable (DUPLICATE of Deprecate-34443-111111111-WFRAX.json, not vendored)	b6330ad7ae738e415e6fd6460ba436c18681852e	scripts/ops/DeprecateChain/txs/deprecate-111111111/Deprecate-34443-30168-WFRAX.json	b1dfe0a70ae2882527a29dacde6fb7676f228ce7d3240742925162f15b6f5789
